# Table 1 of: J. Meija, T. B. Coplen, M. Berglund, W. A. Brand, P. De Bièvre,
# M. Gröning, N. E. Holden, J. Irrgeher, R. D. Loss, T. Walczyk, T. Prohaska,
# "Isotopic compositions of the elements 2013 (IUPAC Technical Report)",
# Pure Appl. Chem. 88(3), 293-306 (2016), doi:10.1515/pac-2015-0503.
# © IUPAC, De Gruyter 2016. Reproduced with acknowledgment, as the report's
# reproduction note permits.
#
# One row per isotope found in normal materials, in the table's order. Numbers
# are as printed, with the digit-group spaces removed and "4.6 × 10–10" written
# 4.6e-10. An uncertainty printed in parentheses on the last digits is written
# out as an absolute amount fraction with the same number of decimals, so
# 0.058 450(230) becomes best_value 0.058450, best_uncertainty 0.000230. An
# empty field means the table prints nothing there. Mononuclidic elements are
# printed as 1 with no uncertainty, coverage or calibration.
#
#   z, element, a            columns 1 to 3
#   interval_low/high        column 4, observed interval of natural variation
#   annotations              column 5 (g, m, r), applying to every isotope of
#                            the element
#   best_value/uncertainty   column 6, best measurement from a single source
#   best_coverage            column 6 coverage factor as printed: k then s
#                            (standard deviation), se (standard error) or uc
#                            (combined uncertainty); n/a where the table says so
#   best_calibration         column 6 flag: C fully, F partially, N not calibrated
#   representative_value/uncertainty
#                            column 9, representative abundance; the table gives
#                            no coverage factor for this uncertainty
#   representative_low/high  column 9 where it is an interval instead (H, Li, B,
#                            C, N, O, Mg, Si, S, Cl, Br, Tl)
#
# Footnote a (Li): materials depleted in lithium-6 are common sources of
# commercial laboratory shelf reagents, which is the reason for the wide
# interval given.
# Mg's coverage is printed 9uc.
# Ta 180 is the long-lived isomer; yamc names it Ta180_m1.
#
# Regenerate natural_abundance.txt from this file with
#   python scripts/gen_natural_abundance.py
z,element,a,interval_low,interval_high,annotations,best_value,best_uncertainty,best_coverage,best_calibration,representative_value,representative_uncertainty,representative_low,representative_high
1,H,1,0.99972,0.99999,m,0.99984426,0.00000005,2s,C,,,0.99972,0.99999
1,H,2,0.00001,0.00028,m,0.00015574,0.00000005,2s,C,,,0.00001,0.00028
2,He,3,4.6e-10,0.000041,"g,r",0.000001343,0.000000013,1s,C,0.000002,0.000002,,
2,He,4,0.999959,1.000000,"g,r",0.999998657,0.000000013,1s,C,0.999998,0.000002,,
3,Li,6,0.019,0.078,m,0.07589,0.00024,2s,C,,,0.019,0.078
3,Li,7,0.922,0.981,m,0.92411,0.00024,2s,C,,,0.922,0.981
4,Be,9,,,,1,,,,1,,,
5,B,10,0.189,0.204,m,0.1982,0.0002,2s,C,,,0.189,0.204
5,B,11,0.796,0.811,m,0.8018,0.0002,2s,C,,,0.796,0.811
6,C,12,0.9884,0.9904,,0.988922,0.000028,n/a,C,,,0.9884,0.9904
6,C,13,0.0096,0.0116,,0.011078,0.000028,n/a,C,,,0.0096,0.0116
7,N,14,0.99578,0.99663,m,0.996337,0.000004,n/a,C,,,0.99578,0.99663
7,N,15,0.00337,0.00422,m,0.003663,0.000004,n/a,C,,,0.00337,0.00422
8,O,16,0.99738,0.99776,m,0.9976206,0.0000009,1s,N,,,0.99738,0.99776
8,O,17,0.000367,0.000400,m,0.0003790,0.0000009,1s,N,,,0.000367,0.000400
8,O,18,0.00187,0.00222,m,0.0020004,0.0000005,1s,N,,,0.00187,0.00222
9,F,19,,,,1,,,,1,,,
10,Ne,20,0.8847,0.9051,"g,m",0.904838,0.000090,1s,C,0.9048,0.0003,,
10,Ne,21,0.0027,0.0171,"g,m",0.002696,0.000005,1s,C,0.0027,0.0001,,
10,Ne,22,0.0920,0.0996,"g,m",0.092465,0.000090,1s,C,0.0925,0.0003,,
11,Na,23,,,,1,,,,1,,,
12,Mg,24,0.7888,0.7905,,0.78951,0.00012,9uc,F,,,0.7888,0.7905
12,Mg,25,0.09988,0.10034,,0.10020,0.00008,9uc,F,,,0.09988,0.10034
12,Mg,26,0.1096,0.1109,,0.11029,0.00010,9uc,F,,,0.1096,0.1109
13,Al,27,,,,1,,,,1,,,
14,Si,28,0.92191,0.92318,,0.9222968,0.0000044,2s,C,,,0.92191,0.92318
14,Si,29,0.04645,0.04699,,0.0468316,0.0000032,2s,C,,,0.04645,0.04699
14,Si,30,0.03037,0.03110,,0.0308716,0.0000032,2s,C,,,0.03037,0.03110
15,P,31,,,,1,,,,1,,,
16,S,32,0.9441,0.9529,,0.9504074,0.0000088,2s,C,,,0.9441,0.9529
16,S,33,0.00729,0.00797,,0.0074869,0.0000060,2s,C,,,0.00729,0.00797
16,S,34,0.0396,0.0477,,0.0419599,0.0000066,2s,C,,,0.0396,0.0477
16,S,36,0.000129,0.000187,,0.0001458,0.0000009,2s,C,,,0.000129,0.000187
17,Cl,35,0.755,0.761,m,0.757647,0.000038,2uc,C,,,0.755,0.761
17,Cl,37,0.239,0.245,m,0.242353,0.000038,2uc,C,,,0.239,0.245
18,Ar,36,,,"g,r",0.0033361,0.0000035,1s,F,0.003336,0.000210,,
18,Ar,38,,,"g,r",0.0006289,0.0000012,1s,F,0.000629,0.000070,,
18,Ar,40,,,"g,r",0.9960350,0.0000042,1s,F,0.996035,0.000250,,
19,K,39,,,,0.932581,0.000029,2s,C,0.932581,0.000044,,
19,K,40,,,,0.0001167,0.0000004,2s,C,0.000117,0.000001,,
19,K,41,,,,0.067302,0.000029,2s,C,0.067302,0.000044,,
20,Ca,40,0.96933,0.96947,g,0.96941,0.00006,2s,N,0.96941,0.00156,,
20,Ca,42,0.00646,0.00648,g,0.00647,0.00003,2s,N,0.00647,0.00023,,
20,Ca,43,0.00135,0.00135,g,0.00135,0.00002,2s,N,0.00135,0.00010,,
20,Ca,44,0.02082,0.02092,g,0.02086,0.00004,2s,N,0.02086,0.00110,,
20,Ca,46,0.00004,0.00004,g,0.00004,0.00001,2s,N,0.00004,0.00003,,
20,Ca,48,0.00186,0.00188,g,0.00187,0.00001,2s,N,0.00187,0.00021,,
21,Sc,45,,,,1,,,,1,,,
22,Ti,46,,,,0.08249,0.00021,2s,C,0.0825,0.0003,,
22,Ti,47,,,,0.07437,0.00014,2s,C,0.0744,0.0002,,
22,Ti,48,,,,0.73720,0.00022,2s,C,0.7372,0.0003,,
22,Ti,49,,,,0.05409,0.00010,2s,C,0.0541,0.0002,,
22,Ti,50,,,,0.05185,0.00013,2s,C,0.0518,0.0002,,
23,V,50,0.002487,0.002502,,0.002497,0.000006,1s,F,0.00250,0.00010,,
23,V,51,0.997498,0.997513,,0.997503,0.000006,1s,F,0.99750,0.00010,,
24,Cr,50,0.04294,0.04345,,0.043452,0.000085,2s,C,0.04345,0.00013,,
24,Cr,52,0.83762,0.83790,,0.837895,0.000117,2s,C,0.83789,0.00018,,
24,Cr,53,0.09501,0.09553,,0.095006,0.000110,2s,C,0.09501,0.00017,,
24,Cr,54,0.02365,0.02391,,0.023647,0.000048,2s,C,0.02365,0.00007,,
25,Mn,55,,,,1,,,,1,,,
26,Fe,54,0.05837,0.05861,,0.058450,0.000230,2s,C,0.05845,0.00105,,
26,Fe,56,0.91742,0.91760,,0.917540,0.000240,2s,C,0.91754,0.00106,,
26,Fe,57,0.02116,0.02121,,0.021191,0.000065,2s,C,0.02119,0.00029,,
26,Fe,58,0.00281,0.00282,,0.002819,0.000027,2s,C,0.00282,0.00012,,
27,Co,59,,,,1,,,,1,,,
28,Ni,58,,,r,0.680769,0.000059,2s,C,0.680769,0.000190,,
28,Ni,60,,,r,0.262231,0.000051,2s,C,0.262231,0.000150,,
28,Ni,61,,,r,0.011399,0.000004,2s,C,0.011399,0.000013,,
28,Ni,62,,,r,0.036345,0.000011,2s,C,0.036345,0.000040,,
28,Ni,64,,,r,0.009256,0.000006,2s,C,0.009256,0.000019,,
29,Cu,63,0.68983,0.69338,r,0.69174,0.00020,2s,C,0.6915,0.0015,,
29,Cu,65,0.30662,0.31017,r,0.30826,0.00020,2s,C,0.3085,0.0015,,
30,Zn,64,,,r,0.491704,0.000083,2s,C,0.4917,0.0075,,
30,Zn,66,,,r,0.277306,0.000110,2s,C,0.2773,0.0098,,
30,Zn,67,,,r,0.040401,0.000018,2s,C,0.0404,0.0016,,
30,Zn,68,,,r,0.184483,0.000069,2s,C,0.1845,0.0063,,
30,Zn,70,,,r,0.006106,0.000011,2s,C,0.0061,0.0010,,
31,Ga,69,,,,0.601079,0.000062,2s,C,0.60108,0.00050,,
31,Ga,71,,,,0.398921,0.000062,2s,C,0.39892,0.00050,,
32,Ge,70,,,,0.20526,0.00046,2uc,F,0.2052,0.0019,,
32,Ge,72,,,,0.27446,0.00015,2uc,F,0.2745,0.0015,,
32,Ge,73,,,,0.07760,0.00025,2uc,F,0.0776,0.0008,,
32,Ge,74,,,,0.36523,0.00063,2uc,F,0.3652,0.0012,,
32,Ge,76,,,,0.07745,0.00035,2uc,F,0.0775,0.0012,,
33,As,75,,,,1,,,,1,,,
34,Se,74,,,r,0.00863,0.00003,2uc,F,0.0086,0.0003,,
34,Se,76,,,r,0.09220,0.00006,2uc,F,0.0923,0.0007,,
34,Se,77,,,r,0.07594,0.00004,2uc,F,0.0760,0.0007,,
34,Se,78,,,r,0.23685,0.00014,2uc,F,0.2369,0.0022,,
34,Se,80,,,r,0.49813,0.00016,2uc,F,0.4980,0.0036,,
34,Se,82,,,r,0.08825,0.00008,2uc,F,0.0882,0.0015,,
35,Br,79,0.505,0.508,,0.50686,0.00026,2s,C,,,0.505,0.508
35,Br,81,0.492,0.495,,0.49314,0.00026,2s,C,,,0.492,0.495
36,Kr,78,,,"g,m",0.0035518,0.0000032,2s,C,0.00355,0.00003,,
36,Kr,80,,,"g,m",0.0228560,0.0000096,2s,C,0.02286,0.00010,,
36,Kr,82,,,"g,m",0.115930,0.000062,2s,C,0.11593,0.00031,,
36,Kr,83,,,"g,m",0.114996,0.000058,2s,C,0.11500,0.00019,,
36,Kr,84,,,"g,m",0.569877,0.000058,2s,C,0.56987,0.00015,,
36,Kr,86,,,"g,m",0.172790,0.000032,2s,C,0.17279,0.00041,,
37,Rb,85,,,g,0.721654,0.000132,2s,C,0.7217,0.0002,,
37,Rb,87,,,g,0.278346,0.000132,2s,C,0.2783,0.0002,,
38,Sr,84,0.0055,0.0058,"g,r",0.005574,0.000016,2s,C,0.0056,0.0002,,
38,Sr,86,0.0975,0.0999,"g,r",0.098566,0.000034,2s,C,0.0986,0.0020,,
38,Sr,87,0.0694,0.0714,"g,r",0.070015,0.000026,2s,C,0.0700,0.0020,,
38,Sr,88,0.8229,0.8275,"g,r",0.825845,0.000066,2s,C,0.8258,0.0035,,
39,Y,89,,,,1,,,,1,,,
40,Zr,90,,,g,0.51452,0.00009,2s,N,0.5145,0.0004,,
40,Zr,91,,,g,0.11223,0.00012,2s,N,0.1122,0.0005,,
40,Zr,92,,,g,0.17146,0.00007,2s,N,0.1715,0.0003,,
40,Zr,94,,,g,0.17380,0.00012,2s,N,0.1738,0.0004,,
40,Zr,96,,,g,0.02799,0.00005,2s,N,0.0280,0.0002,,
41,Nb,93,,,,1,,,,1,,,
42,Mo,92,,,g,0.14649,0.00017,1uc,F,0.14649,0.00106,,
42,Mo,94,,,g,0.09187,0.00005,1uc,F,0.09187,0.00033,,
42,Mo,95,,,g,0.15873,0.00005,1uc,F,0.15873,0.00030,,
42,Mo,96,,,g,0.16673,0.00002,1uc,F,0.16673,0.00008,,
42,Mo,97,,,g,0.09582,0.00003,1uc,F,0.09582,0.00015,,
42,Mo,98,,,g,0.24292,0.00014,1uc,F,0.24292,0.00080,,
42,Mo,100,,,g,0.09744,0.00010,1uc,F,0.09744,0.00065,,
44,Ru,96,,,g,0.055420,0.000001,1s,N,0.0554,0.0014,,
44,Ru,98,,,g,0.018688,0.000002,1s,N,0.0187,0.0003,,
44,Ru,99,,,g,0.127579,0.000006,1s,N,0.1276,0.0014,,
44,Ru,100,,,g,0.125985,0.000004,1s,N,0.1260,0.0007,,
44,Ru,101,,,g,0.170600,0.000010,1s,N,0.1706,0.0002,,
44,Ru,102,,,g,0.315519,0.000011,1s,N,0.3155,0.0014,,
44,Ru,104,,,g,0.186210,0.000011,1s,N,0.1862,0.0027,,
45,Rh,103,,,,1,,,,1,,,
46,Pd,102,,,g,0.0102,0.0001,2s,C,0.0102,0.0001,,
46,Pd,104,,,g,0.1114,0.0005,2s,C,0.1114,0.0008,,
46,Pd,105,,,g,0.2233,0.0005,2s,C,0.2233,0.0008,,
46,Pd,106,,,g,0.2733,0.0002,2s,C,0.2733,0.0003,,
46,Pd,108,,,g,0.2646,0.0006,2s,C,0.2646,0.0009,,
46,Pd,110,,,g,0.1172,0.0006,2s,C,0.1172,0.0009,,
47,Ag,107,,,g,0.518392,0.000051,2s,C,0.51839,0.00008,,
47,Ag,109,,,g,0.481608,0.000051,2s,C,0.48161,0.00008,,
48,Cd,106,,,g,0.01249,0.00005,2uc,C,0.01245,0.00022,,
48,Cd,108,,,g,0.00890,0.00002,2uc,C,0.00888,0.00011,,
48,Cd,110,,,g,0.12485,0.00014,2uc,C,0.12470,0.00061,,
48,Cd,111,,,g,0.12804,0.00008,2uc,C,0.12795,0.00012,,
48,Cd,112,,,g,0.24117,0.00003,2uc,C,0.24109,0.00007,,
48,Cd,113,,,g,0.12225,0.00001,2uc,C,0.12227,0.00007,,
48,Cd,114,,,g,0.28729,0.00018,2uc,C,0.28754,0.00081,,
48,Cd,116,,,g,0.07501,0.00012,2uc,C,0.07512,0.00054,,
49,In,113,,,,0.04281,0.00017,2uc,F,0.04281,0.00052,,
49,In,115,,,,0.95719,0.00017,2uc,F,0.95719,0.00052,,
50,Sn,112,,,g,0.00973,0.00003,1s,C,0.0097,0.0001,,
50,Sn,114,,,g,0.00659,0.00003,1s,C,0.0066,0.0001,,
50,Sn,115,,,g,0.00339,0.00003,1s,C,0.0034,0.0001,,
50,Sn,116,,,g,0.14536,0.00031,1s,C,0.1454,0.0009,,
50,Sn,117,,,g,0.07676,0.00022,1s,C,0.0768,0.0007,,
50,Sn,118,,,g,0.24223,0.00030,1s,C,0.2422,0.0009,,
50,Sn,119,,,g,0.08585,0.00013,1s,C,0.0859,0.0004,,
50,Sn,120,,,g,0.32593,0.00020,1s,C,0.3258,0.0009,,
50,Sn,122,,,g,0.04629,0.00009,1s,C,0.0463,0.0003,,
50,Sn,124,,,g,0.05789,0.00017,1s,C,0.0579,0.0005,,
51,Sb,121,,,g,0.57213,0.00032,2s,C,0.5721,0.0005,,
51,Sb,123,,,g,0.42787,0.00032,2s,C,0.4279,0.0005,,
52,Te,120,,,g,0.00096,0.00001,2se,N,0.0009,0.0001,,
52,Te,122,,,g,0.02603,0.00001,2se,N,0.0255,0.0012,,
52,Te,123,,,g,0.00908,0.00001,2se,N,0.0089,0.0003,,
52,Te,124,,,g,0.04816,0.00002,2se,N,0.0474,0.0014,,
52,Te,125,,,g,0.07139,0.00002,2se,N,0.0707,0.0015,,
52,Te,126,,,g,0.18952,0.00004,2se,N,0.1884,0.0025,,
52,Te,128,,,g,0.31687,0.00004,2se,N,0.3174,0.0008,,
52,Te,130,,,g,0.33799,0.00003,2se,N,0.3408,0.0062,,
53,I,127,,,,1,,,,1,,,
54,Xe,124,,,"g,m",0.000952,0.000003,3s,C,0.00095,0.00005,,
54,Xe,126,,,"g,m",0.000890,0.000002,3s,C,0.00089,0.00003,,
54,Xe,128,,,"g,m",0.019102,0.000008,3s,C,0.01910,0.00013,,
54,Xe,129,,,"g,m",0.264006,0.000082,3s,C,0.26401,0.00138,,
54,Xe,130,,,"g,m",0.040710,0.000013,3s,C,0.04071,0.00022,,
54,Xe,131,,,"g,m",0.212324,0.000030,3s,C,0.21232,0.00051,,
54,Xe,132,,,"g,m",0.269086,0.000033,3s,C,0.26909,0.00055,,
54,Xe,134,,,"g,m",0.104357,0.000021,3s,C,0.10436,0.00035,,
54,Xe,136,,,"g,m",0.088573,0.000044,3s,C,0.08857,0.00072,,
55,Cs,133,,,,1,,,,1,,,
56,Ba,130,,,,0.001058,0.000002,3se,F,0.0011,0.0001,,
56,Ba,132,,,,0.001012,0.000002,3se,F,0.0010,0.0001,,
56,Ba,134,,,,0.024170,0.000030,3se,F,0.0242,0.0015,,
56,Ba,135,,,,0.065920,0.000020,3se,F,0.0659,0.0010,,
56,Ba,136,,,,0.078532,0.000040,3se,F,0.0785,0.0024,,
56,Ba,137,,,,0.112317,0.000040,3se,F,0.1123,0.0023,,
56,Ba,138,,,,0.716991,0.000070,3se,F,0.7170,0.0029,,
57,La,138,,,g,0.0008881,0.0000024,2s,N,0.0008881,0.0000071,,
57,La,139,,,g,0.9991119,0.0000024,2s,N,0.9991119,0.0000071,,
58,Ce,136,,,g,0.00186,0.00001,2s,C,0.00186,0.00002,,
58,Ce,138,,,g,0.00251,0.00001,2s,C,0.00251,0.00002,,
58,Ce,140,,,g,0.88449,0.00034,2s,C,0.88449,0.00051,,
58,Ce,142,,,g,0.11114,0.00034,2s,C,0.11114,0.00051,,
59,Pr,141,,,,1,,,,1,,,
60,Nd,142,,,g,0.27153,0.00019,2s,C,0.27153,0.00040,,
60,Nd,143,,,g,0.12173,0.00018,2s,C,0.12173,0.00026,,
60,Nd,144,,,g,0.23798,0.00012,2s,C,0.23798,0.00019,,
60,Nd,145,,,g,0.08293,0.00007,2s,C,0.08293,0.00012,,
60,Nd,146,,,g,0.17189,0.00017,2s,C,0.17189,0.00032,,
60,Nd,148,,,g,0.05756,0.00008,2s,C,0.05756,0.00021,,
60,Nd,150,,,g,0.05638,0.00009,2s,C,0.05638,0.00028,,
62,Sm,144,,,g,0.03078,0.00014,2uc,F,0.0308,0.0004,,
62,Sm,147,,,g,0.15004,0.00054,2uc,F,0.1500,0.0014,,
62,Sm,148,,,g,0.11248,0.00036,2uc,F,0.1125,0.0009,,
62,Sm,149,,,g,0.13824,0.00040,2uc,F,0.1382,0.0010,,
62,Sm,150,,,g,0.07365,0.00034,2uc,F,0.0737,0.0009,,
62,Sm,152,,,g,0.26740,0.00036,2uc,F,0.2674,0.0009,,
62,Sm,154,,,g,0.22741,0.00056,2uc,F,0.2274,0.0014,,
63,Eu,151,,,g,0.47810,0.00042,2se,C,0.4781,0.0006,,
63,Eu,153,,,g,0.52190,0.00042,2se,C,0.5219,0.0006,,
64,Gd,152,,,g,0.002029,0.000004,2se,N,0.0020,0.0003,,
64,Gd,154,,,g,0.021809,0.000004,2se,N,0.0218,0.0002,,
64,Gd,155,,,g,0.147998,0.000017,2se,N,0.1480,0.0009,,
64,Gd,156,,,g,0.204664,0.000006,2se,N,0.2047,0.0003,,
64,Gd,157,,,g,0.156518,0.000009,2se,N,0.1565,0.0004,,
64,Gd,158,,,g,0.248347,0.000016,2se,N,0.2484,0.0008,,
64,Gd,160,,,g,0.218635,0.000007,2se,N,0.2186,0.0003,,
65,Tb,159,,,,1,,,,1,,,
66,Dy,156,,,g,0.00056,0.00002,2s,C,0.00056,0.00003,,
66,Dy,158,,,g,0.00095,0.00002,2s,C,0.00095,0.00003,,
66,Dy,160,,,g,0.02329,0.00012,2s,C,0.02329,0.00018,,
66,Dy,161,,,g,0.18889,0.00028,2s,C,0.18889,0.00042,,
66,Dy,162,,,g,0.25475,0.00024,2s,C,0.25475,0.00036,,
66,Dy,163,,,g,0.24896,0.00028,2s,C,0.24896,0.00042,,
66,Dy,164,,,g,0.28260,0.00036,2s,C,0.28260,0.00054,,
67,Ho,165,,,,1,,,,1,,,
68,Er,162,,,g,0.001391,0.000030,2s,C,0.00139,0.00005,,
68,Er,164,,,g,0.016006,0.000020,2s,C,0.01601,0.00003,,
68,Er,166,,,g,0.335014,0.000240,2s,C,0.33503,0.00036,,
68,Er,167,,,g,0.228724,0.000060,2s,C,0.22869,0.00009,,
68,Er,168,,,g,0.269852,0.000120,2s,C,0.26978,0.00018,,
68,Er,170,,,g,0.149013,0.000240,2s,C,0.14910,0.00036,,
69,Tm,169,,,,1,,,,1,,,
70,Yb,168,,,g,0.00123,0.00001,2s,F,0.00123,0.00003,,
70,Yb,170,,,g,0.02982,0.00006,2s,F,0.02982,0.00039,,
70,Yb,171,,,g,0.14086,0.00020,2s,F,0.14086,0.00140,,
70,Yb,172,,,g,0.21686,0.00019,2s,F,0.21686,0.00130,,
70,Yb,173,,,g,0.16103,0.00009,2s,F,0.16103,0.00063,,
70,Yb,174,,,g,0.32025,0.00012,2s,F,0.32025,0.00080,,
70,Yb,176,,,g,0.12995,0.00013,2s,F,0.12995,0.00083,,
71,Lu,175,,,g,0.974013,0.000012,2s,N,0.97401,0.00013,,
71,Lu,176,,,g,0.025987,0.000012,2s,N,0.02599,0.00013,,
72,Hf,174,0.00162,0.00162,,0.001620,0.000009,2se,N,0.0016,0.0012,,
72,Hf,176,0.05206,0.05271,,0.052604,0.000056,2se,N,0.0526,0.0070,,
72,Hf,177,0.18593,0.18606,,0.185953,0.000012,2se,N,0.1860,0.0016,,
72,Hf,178,0.27278,0.27297,,0.272811,0.000022,2se,N,0.2728,0.0028,,
72,Hf,179,0.13619,0.13630,,0.136210,0.000009,2se,N,0.1362,0.0011,,
72,Hf,180,0.35076,0.35100,,0.350802,0.000026,2se,N,0.3508,0.0033,,
73,Ta,180,,,,0.0001201,0.0000008,2s,N,0.0001201,0.0000032,,
73,Ta,181,,,,0.9998799,0.0000008,2s,N,0.9998799,0.0000032,,
74,W,180,,,,0.001198,0.000002,1s,N,0.0012,0.0001,,
74,W,182,,,,0.264985,0.000049,1s,N,0.2650,0.0016,,
74,W,183,,,,0.143136,0.000006,1s,N,0.1431,0.0004,,
74,W,184,,,,0.306422,0.000013,1s,N,0.3064,0.0002,,
74,W,186,,,,0.284259,0.000062,1s,N,0.2843,0.0019,,
75,Re,185,,,,0.37398,0.00016,2s,C,0.3740,0.0005,,
75,Re,187,,,,0.62602,0.00016,2s,C,0.6260,0.0005,,
76,Os,184,,,g,0.000197,0.000005,1s,N,0.0002,0.0002,,
76,Os,186,,,g,0.015859,0.000044,1s,N,0.0159,0.0064,,
76,Os,187,,,g,0.019644,0.000012,1s,N,0.0196,0.0017,,
76,Os,188,,,g,0.132434,0.000019,1s,N,0.1324,0.0027,,
76,Os,189,,,g,0.161466,0.000016,1s,N,0.1615,0.0023,,
76,Os,190,,,g,0.262584,0.000014,1s,N,0.2626,0.0020,,
76,Os,192,,,g,0.407815,0.000022,1s,N,0.4078,0.0032,,
77,Ir,191,,,,0.37272,0.00015,1s,N,0.373,0.002,,
77,Ir,193,,,,0.62728,0.00015,1s,N,0.627,0.002,,
78,Pt,190,,,,0.00012,0.00001,1s,F,0.00012,0.00002,,
78,Pt,192,,,,0.00782,0.00008,1s,F,0.00782,0.00024,,
78,Pt,194,,,,0.32864,0.00140,1s,F,0.32864,0.00410,,
78,Pt,195,,,,0.33775,0.00079,1s,F,0.33775,0.00240,,
78,Pt,196,,,,0.25211,0.00110,1s,F,0.25211,0.00340,,
78,Pt,198,,,,0.07357,0.00043,1s,F,0.07356,0.00130,,
79,Au,197,,,,1,,,,1,,,
80,Hg,196,,,,0.00155,0.00004,2uc,F,0.0015,0.0001,,
80,Hg,198,,,,0.10038,0.00010,2uc,F,0.1004,0.0003,,
80,Hg,199,,,,0.16938,0.00009,2uc,F,0.1694,0.0012,,
80,Hg,200,,,,0.23138,0.00006,2uc,F,0.2314,0.0009,,
80,Hg,201,,,,0.13170,0.00012,2uc,F,0.1317,0.0009,,
80,Hg,202,,,,0.29743,0.00009,2uc,F,0.2974,0.0013,,
80,Hg,204,,,,0.06818,0.00006,2uc,F,0.0682,0.0004,,
81,Tl,203,0.2944,0.2959,,0.29524,0.00009,2s,C,,,0.2944,0.2959
81,Tl,205,0.7041,0.7056,,0.70476,0.00009,2s,C,,,0.7041,0.7056
82,Pb,204,0.0104,0.0165,"g,r",0.014245,0.000012,2s,C,0.014,0.006,,
82,Pb,206,0.2084,0.2748,"g,r",0.241447,0.000057,2s,C,0.241,0.030,,
82,Pb,207,0.1762,0.2365,"g,r",0.220827,0.000027,2s,C,0.221,0.050,,
82,Pb,208,0.5128,0.5621,"g,r",0.523481,0.000086,2s,C,0.524,0.070,,
83,Bi,209,,,,1,,,,1,,,
90,Th,230,0.000000,0.000400,,0.00001138,0.00000002,2uc,C,0.0002,0.0002,,
90,Th,232,0.999600,1.000000,,0.99998862,0.00000002,2uc,C,0.9998,0.0002,,
91,Pa,231,,,,1,,,,1,,,
92,U,234,0.000008,0.000059,"g,m",0.0000542,0.0000004,2s,C,0.000054,0.000005,,
92,U,235,0.002089,0.007207,"g,m",0.0072041,0.0000036,2s,C,0.007204,0.000006,,
92,U,238,0.992739,0.997879,"g,m",0.9927417,0.0000036,2s,C,0.992742,0.000010,,
